[{"model": "admin.logentry", "pk": 1, "fields": {"action_time": "2023-06-13T10:31:16.541Z", "user": 1, "content_type": 10, "object_id": "1", "object_repr": "л", "action_flag": 1, "change_message": "[{\"added\": {}}]"}}, {"model": "admin.logentry", "pk": 2, "fields": {"action_time": "2023-06-13T10:31:33.676Z", "user": 1, "content_type": 10, "object_id": "2", "object_repr": "стакан", "action_flag": 1, "change_message": "[{\"added\": {}}]"}}, {"model": "admin.logentry", "pk": 3, "fields": {"action_time": "2023-06-13T10:32:07.225Z", "user": 1, "content_type": 10, "object_id": "3", "object_repr": "банка", "action_flag": 1, "change_message": "[{\"added\": {}}]"}}, {"model": "admin.logentry", "pk": 4, "fields": {"action_time": "2023-06-13T10:32:14.508Z", "user": 1, "content_type": 10, "object_id": "4", "object_repr": "кг", "action_flag": 1, "change_message": "[{\"added\": {}}]"}}, {"model": "admin.logentry", "pk": 5, "fields": {"action_time": "2023-06-13T10:32:23.388Z", "user": 1, "content_type": 10, "object_id": "5", "object_repr": "зуб.", "action_flag": 1, "change_message": "[{\"added\": {}}]"}}, {"model": "admin.logentry", "pk": 6, "fields": {"action_time": "2023-06-13T10:32:45.035Z", "user": 1, "content_type": 10, "object_id": "6", "object_repr": "по вкусу", "action_flag": 1, "change_message": "[{\"added\": {}}]"}}, {"model": "admin.logentry", "pk": 7, "fields": {"action_time": "2023-06-13T10:32:56.048Z", "user": 1, "content_type": 10, "object_id": "7", "object_repr": "на кончике ножа", "action_flag": 1, "change_message": "[{\"added\": {}}]"}}, {"model": "admin.logentry", "pk": 8, "fields": {"action_time": "2023-06-13T10:33:02.886Z", "user": 1, "content_type": 10, "object_id": "8", "object_repr": "мл", "action_flag": 1, "change_message": "[{\"added\": {}}]"}}, {"model": "admin.logentry", "pk": 9, "fields": {"action_time": "2023-06-13T10:33:12.309Z", "user": 1, "content_type": 10, "object_id": "9", "object_repr": "ч. л.", "action_flag": 1, "change_message": "[{\"added\": {}}]"}}, {"model": "admin.logentry", "pk": 10, "fields": {"action_time": "2023-06-13T10:33:20.843Z", "user": 1, "content_type": 10, "object_id": "10", "object_repr": "ст. л.", "action_flag": 1, "change_message": "[{\"added\": {}}]"}}, {"model": "admin.logentry", "pk": 11, "fields": {"action_time": "2023-06-13T10:33:28.827Z", "user": 1, "content_type": 10, "object_id": "11", "object_repr": "шт", "action_flag": 1, "change_message": "[{\"added\": {}}]"}}, {"model": "admin.logentry", "pk": 12, "fields": {"action_time": "2023-06-13T10:33:35.198Z", "user": 1, "content_type": 10, "object_id": "12", "object_repr": "г", "action_flag": 1, "change_message": "[{\"added\": {}}]"}}, {"model": "admin.logentry", "pk": 13, "fields": {"action_time": "2023-06-13T10:34:27.880Z", "user": 1, "content_type": 9, "object_id": "1", "object_repr": "Сахар [г]", "action_flag": 1, "change_message": "[{\"added\": {}}]"}}, {"model": "admin.logentry", "pk": 14, "fields": {"action_time": "2023-06-13T10:34:37.940Z", "user": 1, "content_type": 9, "object_id": "2", "object_repr": "Пшеничная мука [стакан]", "action_flag": 1, "change_message": "[{\"added\": {}}]"}}, {"model": "admin.logentry", "pk": 15, "fields": {"action_time": "2023-06-13T10:34:54.279Z", "user": 1, "content_type": 9, "object_id": "3", "object_repr": "Оливковое масло [мл]", "action_flag": 1, "change_message": "[{\"added\": {}}]"}}, {"model": "admin.logentry", "pk": 16, "fields": {"action_time": "2023-06-13T10:36:07.738Z", "user": 1, "content_type": 9, "object_id": "4", "object_repr": "Молоко [л]", "action_flag": 1, "change_message": "[{\"added\": {}}]"}}, {"model": "admin.logentry", "pk": 17, "fields": {"action_time": "2023-06-13T10:36:25.960Z", "user": 1, "content_type": 9, "object_id": "5", "object_repr": "Пшеничная мука [г]", "action_flag": 1, "change_message": "[{\"added\": {}}]"}}, {"model": "admin.logentry", "pk": 18, "fields": {"action_time": "2023-06-13T10:36:42.924Z", "user": 1, "content_type": 9, "object_id": "6", "object_repr": "Мускатный орех [ч. л.]", "action_flag": 1, "change_message": "[{\"added\": {}}]"}}, {"model": "admin.logentry", "pk": 19, "fields": {"action_time": "2023-06-13T10:36:59.413Z", "user": 1, "content_type": 9, "object_id": "7", "object_repr": "Ванильный экстракт [ч. л.]", "action_flag": 1, "change_message": "[{\"added\": {}}]"}}, {"model": "admin.logentry", "pk": 20, "fields": {"action_time": "2023-06-13T10:37:12.318Z", "user": 1, "content_type": 9, "object_id": "8", "object_repr": "Голубика [стакан]", "action_flag": 1, "change_message": "[{\"added\": {}}]"}}, {"model": "admin.logentry", "pk": 21, "fields": {"action_time": "2023-06-13T10:37:27.232Z", "user": 1, "content_type": 9, "object_id": "9", "object_repr": "Черный перец горошко [шт]", "action_flag": 1, "change_message": "[{\"added\": {}}]"}}, {"model": "admin.logentry", "pk": 22, "fields": {"action_time": "2023-06-13T10:37:42.068Z", "user": 1, "content_type": 9, "object_id": "10", "object_repr": "Гренки [по вкусу]", "action_flag": 1, "change_message": "[{\"added\": {}}]"}}, {"model": "admin.logentry", "pk": 23, "fields": {"action_time": "2023-06-13T10:37:54.018Z", "user": 1, "content_type": 9, "object_id": "11", "object_repr": "Лавровый лист [шт]", "action_flag": 1, "change_message": "[{\"added\": {}}]"}}, {"model": "admin.logentry", "pk": 24, "fields": {"action_time": "2023-06-13T10:38:05.559Z", "user": 1, "content_type": 9, "object_id": "12", "object_repr": "Зелень [по вкусу]", "action_flag": 1, "change_message": "[{\"added\": {}}]"}}, {"model": "admin.logentry", "pk": 25, "fields": {"action_time": "2023-06-13T10:38:15.587Z", "user": 1, "content_type": 9, "object_id": "13", "object_repr": "Морковь [г]", "action_flag": 1, "change_message": "[{\"added\": {}}]"}}, {"model": "admin.logentry", "pk": 26, "fields": {"action_time": "2023-06-13T10:38:24.078Z", "user": 1, "content_type": 9, "object_id": "14", "object_repr": "Лук [г]", "action_flag": 1, "change_message": "[{\"added\": {}}]"}}, {"model": "admin.logentry", "pk": 27, "fields": {"action_time": "2023-06-13T10:38:32.934Z", "user": 1, "content_type": 9, "object_id": "15", "object_repr": "Картофель [г]", "action_flag": 1, "change_message": "[{\"added\": {}}]"}}, {"model": "admin.logentry", "pk": 28, "fields": {"action_time": "2023-06-13T10:38:49.482Z", "user": 1, "content_type": 9, "object_id": "16", "object_repr": "Плавленный сыр [г]", "action_flag": 1, "change_message": "[{\"added\": {}}]"}}, {"model": "admin.logentry", "pk": 29, "fields": {"action_time": "2023-06-13T10:39:00.622Z", "user": 1, "content_type": 9, "object_id": "17", "object_repr": "Куриное филе [г]", "action_flag": 1, "change_message": "[{\"added\": {}}]"}}, {"model": "admin.logentry", "pk": 30, "fields": {"action_time": "2023-06-13T10:39:12.600Z", "user": 1, "content_type": 9, "object_id": "18", "object_repr": "Сода [ч. л.]", "action_flag": 1, "change_message": "[{\"added\": {}}]"}}, {"model": "admin.logentry", "pk": 31, "fields": {"action_time": "2023-06-13T10:39:26.254Z", "user": 1, "content_type": 9, "object_id": "19", "object_repr": "Сахар [стакан]", "action_flag": 1, "change_message": "[{\"added\": {}}]"}}, {"model": "admin.logentry", "pk": 32, "fields": {"action_time": "2023-06-13T10:39:38.359Z", "user": 1, "content_type": 9, "object_id": "20", "object_repr": "Уксус [ч. л.]", "action_flag": 1, "change_message": "[{\"added\": {}}]"}}, {"model": "admin.logentry", "pk": 33, "fields": {"action_time": "2023-06-13T10:39:47.189Z", "user": 1, "content_type": 9, "object_id": "21", "object_repr": "Сметана [банка]", "action_flag": 1, "change_message": "[{\"added\": {}}]"}}, {"model": "admin.logentry", "pk": 34, "fields": {"action_time": "2023-06-13T10:39:58.837Z", "user": 1, "content_type": 9, "object_id": "22", "object_repr": "Яблоко [кг]", "action_flag": 1, "change_message": "[{\"added\": {}}]"}}, {"model": "admin.logentry", "pk": 35, "fields": {"action_time": "2023-06-13T10:40:11.291Z", "user": 1, "content_type": 9, "object_id": "23", "object_repr": "Красный лук [г]", "action_flag": 1, "change_message": "[{\"added\": {}}]"}}, {"model": "admin.logentry", "pk": 36, "fields": {"action_time": "2023-06-13T10:40:25.162Z", "user": 1, "content_type": 9, "object_id": "24", "object_repr": "Творожный сыр [г]", "action_flag": 1, "change_message": "[{\"added\": {}}]"}}, {"model": "admin.logentry", "pk": 37, "fields": {"action_time": "2023-06-13T10:40:39.721Z", "user": 1, "content_type": 9, "object_id": "25", "object_repr": "Рукола [г]", "action_flag": 1, "change_message": "[{\"added\": {}}]"}}, {"model": "admin.logentry", "pk": 38, "fields": {"action_time": "2023-06-13T10:40:50.226Z", "user": 1, "content_type": 9, "object_id": "26", "object_repr": "Чеснок [зуб.]", "action_flag": 1, "change_message": "[{\"added\": {}}]"}}, {"model": "admin.logentry", "pk": 39, "fields": {"action_time": "2023-06-13T10:40:58.652Z", "user": 1, "content_type": 9, "object_id": "27", "object_repr": "Лимон [шт]", "action_flag": 1, "change_message": "[{\"added\": {}}]"}}, {"model": "admin.logentry", "pk": 40, "fields": {"action_time": "2023-06-13T10:41:14.192Z", "user": 1, "content_type": 9, "object_id": "28", "object_repr": "Консервированная фас [г]", "action_flag": 1, "change_message": "[{\"added\": {}}]"}}, {"model": "admin.logentry", "pk": 41, "fields": {"action_time": "2023-06-13T10:41:33.117Z", "user": 1, "content_type": 9, "object_id": "29", "object_repr": "Молотый черный перец [по вкусу]", "action_flag": 1, "change_message": "[{\"added\": {}}]"}}, {"model": "admin.logentry", "pk": 42, "fields": {"action_time": "2023-06-13T10:41:55.139Z", "user": 1, "content_type": 9, "object_id": "30", "object_repr": "Соль [на кончике]", "action_flag": 1, "change_message": "[{\"added\": {}}]"}}, {"model": "admin.logentry", "pk": 43, "fields": {"action_time": "2023-06-13T10:42:33.444Z", "user": 1, "content_type": 9, "object_id": "31", "object_repr": "Твердый сыр [г]", "action_flag": 1, "change_message": "[{\"added\": {}}]"}}, {"model": "admin.logentry", "pk": 44, "fields": {"action_time": "2023-06-13T10:42:50.574Z", "user": 1, "content_type": 9, "object_id": "32", "object_repr": "Готовые сухие листы  [шт]", "action_flag": 1, "change_message": "[{\"added\": {}}]"}}, {"model": "admin.logentry", "pk": 45, "fields": {"action_time": "2023-06-13T10:43:00.059Z", "user": 1, "content_type": 9, "object_id": "33", "object_repr": "Молоко [мл]", "action_flag": 1, "change_message": "[{\"added\": {}}]"}}, {"model": "admin.logentry", "pk": 46, "fields": {"action_time": "2023-06-13T10:43:14.346Z", "user": 1, "content_type": 9, "object_id": "34", "object_repr": "Оливковое масло [ст. л.]", "action_flag": 1, "change_message": "[{\"added\": {}}]"}}, {"model": "admin.logentry", "pk": 47, "fields": {"action_time": "2023-06-13T10:43:24.943Z", "user": 1, "content_type": 9, "object_id": "35", "object_repr": "Сливочное масло [г]", "action_flag": 1, "change_message": "[{\"added\": {}}]"}}, {"model": "admin.logentry", "pk": 48, "fields": {"action_time": "2023-06-13T10:43:42.738Z", "user": 1, "content_type": 9, "object_id": "36", "object_repr": "Соус болоньезе [г]", "action_flag": 1, "change_message": "[{\"added\": {}}]"}}, {"model": "admin.logentry", "pk": 49, "fields": {"action_time": "2023-06-13T10:43:55.469Z", "user": 1, "content_type": 9, "object_id": "37", "object_repr": "Мясной фарш [г]", "action_flag": 1, "change_message": "[{\"added\": {}}]"}}, {"model": "admin.logentry", "pk": 50, "fields": {"action_time": "2023-06-13T10:44:07.401Z", "user": 1, "content_type": 9, "object_id": "38", "object_repr": "Разрыхлитель [ч. л.]", "action_flag": 1, "change_message": "[{\"added\": {}}]"}}, {"model": "admin.logentry", "pk": 51, "fields": {"action_time": "2023-06-13T10:44:19.215Z", "user": 1, "content_type": 9, "object_id": "39", "object_repr": "Растительное масло [ст. л.]", "action_flag": 1, "change_message": "[{\"added\": {}}]"}}, {"model": "admin.logentry", "pk": 52, "fields": {"action_time": "2023-06-13T10:44:28.267Z", "user": 1, "content_type": 9, "object_id": "40", "object_repr": "Яблоко [шт]", "action_flag": 1, "change_message": "[{\"added\": {}}]"}}, {"model": "admin.logentry", "pk": 53, "fields": {"action_time": "2023-06-13T10:44:45.723Z", "user": 1, "content_type": 9, "object_id": "41", "object_repr": "Подсолнечное масло [ст. л.]", "action_flag": 1, "change_message": "[{\"added\": {}}]"}}, {"model": "admin.logentry", "pk": 54, "fields": {"action_time": "2023-06-13T10:44:57.146Z", "user": 1, "content_type": 9, "object_id": "42", "object_repr": "Сахар [ст. л.]", "action_flag": 1, "change_message": "[{\"added\": {}}]"}}, {"model": "admin.logentry", "pk": 55, "fields": {"action_time": "2023-06-13T10:45:14.849Z", "user": 1, "content_type": 9, "object_id": "43", "object_repr": "Пшеничная мука [ст. л.]", "action_flag": 1, "change_message": "[{\"added\": {}}]"}}, {"model": "admin.logentry", "pk": 56, "fields": {"action_time": "2023-06-13T10:45:28.017Z", "user": 1, "content_type": 9, "object_id": "44", "object_repr": "Куриное яйцо [шт]", "action_flag": 1, "change_message": "[{\"added\": {}}]"}}, {"model": "admin.logentry", "pk": 57, "fields": {"action_time": "2023-06-13T10:45:36.877Z", "user": 1, "content_type": 9, "object_id": "45", "object_repr": "Творог [г]", "action_flag": 1, "change_message": "[{\"added\": {}}]"}}, {"model": "admin.logentry", "pk": 58, "fields": {"action_time": "2023-06-13T10:52:48.572Z", "user": 1, "content_type": 15, "object_id": "1", "object_repr": "#полезнаяеда", "action_flag": 1, "change_message": "[{\"added\": {}}]"}}, {"model": "admin.logentry", "pk": 59, "fields": {"action_time": "2023-06-13T10:53:07.418Z", "user": 1, "content_type": 15, "object_id": "2", "object_repr": "#вкуснаяеда", "action_flag": 1, "change_message": "[{\"added\": {}}]"}}, {"model": "admin.logentry", "pk": 60, "fields": {"action_time": "2023-06-13T10:53:28.541Z", "user": 1, "content_type": 15, "object_id": "3", "object_repr": "#домашняяеда", "action_flag": 1, "change_message": "[{\"added\": {}}]"}}, {"model": "admin.logentry", "pk": 61, "fields": {"action_time": "2023-06-13T10:53:44.029Z", "user": 1, "content_type": 15, "object_id": "4", "object_repr": "#ужин", "action_flag": 1, "change_message": "[{\"added\": {}}]"}}, {"model": "admin.logentry", "pk": 62, "fields": {"action_time": "2023-06-13T10:54:00.745Z", "user": 1, "content_type": 15, "object_id": "5", "object_repr": "#обед", "action_flag": 1, "change_message": "[{\"added\": {}}]"}}, {"model": "admin.logentry", "pk": 63, "fields": {"action_time": "2023-06-13T10:54:16.747Z", "user": 1, "content_type": 15, "object_id": "6", "object_repr": "#завтрак", "action_flag": 1, "change_message": "[{\"added\": {}}]"}}, {"model": "auth.permission", "pk": 1, "fields": {"name": "Can add log entry", "content_type": 1, "codename": "add_logentry"}}, {"model": "auth.permission", "pk": 2, "fields": {"name": "Can change log entry", "content_type": 1, "codename": "change_logentry"}}, {"model": "auth.permission", "pk": 3, "fields": {"name": "Can delete log entry", "content_type": 1, "codename": "delete_logentry"}}, {"model": "auth.permission", "pk": 4, "fields": {"name": "Can view log entry", "content_type": 1, "codename": "view_logentry"}}, {"model": "auth.permission", "pk": 5, "fields": {"name": "Can add permission", "content_type": 2, "codename": "add_permission"}}, {"model": "auth.permission", "pk": 6, "fields": {"name": "Can change permission", "content_type": 2, "codename": "change_permission"}}, {"model": "auth.permission", "pk": 7, "fields": {"name": "Can delete permission", "content_type": 2, "codename": "delete_permission"}}, {"model": "auth.permission", "pk": 8, "fields": {"name": "Can view permission", "content_type": 2, "codename": "view_permission"}}, {"model": "auth.permission", "pk": 9, "fields": {"name": "Can add group", "content_type": 3, "codename": "add_group"}}, {"model": "auth.permission", "pk": 10, "fields": {"name": "Can change group", "content_type": 3, "codename": "change_group"}}, {"model": "auth.permission", "pk": 11, "fields": {"name": "Can delete group", "content_type": 3, "codename": "delete_group"}}, {"model": "auth.permission", "pk": 12, "fields": {"name": "Can view group", "content_type": 3, "codename": "view_group"}}, {"model": "auth.permission", "pk": 13, "fields": {"name": "Can add content type", "content_type": 4, "codename": "add_contenttype"}}, {"model": "auth.permission", "pk": 14, "fields": {"name": "Can change content type", "content_type": 4, "codename": "change_contenttype"}}, {"model": "auth.permission", "pk": 15, "fields": {"name": "Can delete content type", "content_type": 4, "codename": "delete_contenttype"}}, {"model": "auth.permission", "pk": 16, "fields": {"name": "Can view content type", "content_type": 4, "codename": "view_contenttype"}}, {"model": "auth.permission", "pk": 17, "fields": {"name": "Can add session", "content_type": 5, "codename": "add_session"}}, {"model": "auth.permission", "pk": 18, "fields": {"name": "Can change session", "content_type": 5, "codename": "change_session"}}, {"model": "auth.permission", "pk": 19, "fields": {"name": "Can delete session", "content_type": 5, "codename": "delete_session"}}, {"model": "auth.permission", "pk": 20, "fields": {"name": "Can view session", "content_type": 5, "codename": "view_session"}}, {"model": "auth.permission", "pk": 21, "fields": {"name": "Can add Token", "content_type": 6, "codename": "add_token"}}, {"model": "auth.permission", "pk": 22, "fields": {"name": "Can change Token", "content_type": 6, "codename": "change_token"}}, {"model": "auth.permission", "pk": 23, "fields": {"name": "Can delete Token", "content_type": 6, "codename": "delete_token"}}, {"model": "auth.permission", "pk": 24, "fields": {"name": "Can view Token", "content_type": 6, "codename": "view_token"}}, {"model": "auth.permission", "pk": 25, "fields": {"name": "Can add token", "content_type": 7, "codename": "add_tokenproxy"}}, {"model": "auth.permission", "pk": 26, "fields": {"name": "Can change token", "content_type": 7, "codename": "change_tokenproxy"}}, {"model": "auth.permission", "pk": 27, "fields": {"name": "Can delete token", "content_type": 7, "codename": "delete_tokenproxy"}}, {"model": "auth.permission", "pk": 28, "fields": {"name": "Can view token", "content_type": 7, "codename": "view_tokenproxy"}}, {"model": "auth.permission", "pk": 29, "fields": {"name": "Can add Избранное", "content_type": 8, "codename": "add_favorite"}}, {"model": "auth.permission", "pk": 30, "fields": {"name": "Can change Избранное", "content_type": 8, "codename": "change_favorite"}}, {"model": "auth.permission", "pk": 31, "fields": {"name": "Can delete Избранное", "content_type": 8, "codename": "delete_favorite"}}, {"model": "auth.permission", "pk": 32, "fields": {"name": "Can view Избранное", "content_type": 8, "codename": "view_favorite"}}, {"model": "auth.permission", "pk": 33, "fields": {"name": "Can add Ингредиент", "content_type": 9, "codename": "add_ingredient"}}, {"model": "auth.permission", "pk": 34, "fields": {"name": "Can change Ингредиент", "content_type": 9, "codename": "change_ingredient"}}, {"model": "auth.permission", "pk": 35, "fields": {"name": "Can delete Ингредиент", "content_type": 9, "codename": "delete_ingredient"}}, {"model": "auth.permission", "pk": 36, "fields": {"name": "Can view Ингредиент", "content_type": 9, "codename": "view_ingredient"}}, {"model": "auth.permission", "pk": 37, "fields": {"name": "Can add Ед. измерения", "content_type": 10, "codename": "add_measurementunit"}}, {"model": "auth.permission", "pk": 38, "fields": {"name": "Can change Ед. измерения", "content_type": 10, "codename": "change_measurementunit"}}, {"model": "auth.permission", "pk": 39, "fields": {"name": "Can delete Ед. измерения", "content_type": 10, "codename": "delete_measurementunit"}}, {"model": "auth.permission", "pk": 40, "fields": {"name": "Can view Ед. измерения", "content_type": 10, "codename": "view_measurementunit"}}, {"model": "auth.permission", "pk": 41, "fields": {"name": "Can add Рецепт", "content_type": 11, "codename": "add_recipe"}}, {"model": "auth.permission", "pk": 42, "fields": {"name": "Can change Рецепт", "content_type": 11, "codename": "change_recipe"}}, {"model": "auth.permission", "pk": 43, "fields": {"name": "Can delete Рецепт", "content_type": 11, "codename": "delete_recipe"}}, {"model": "auth.permission", "pk": 44, "fields": {"name": "Can view Рецепт", "content_type": 11, "codename": "view_recipe"}}, {"model": "auth.permission", "pk": 45, "fields": {"name": "Can add Ингредиент в рецепте", "content_type": 12, "codename": "add_recipeingredient"}}, {"model": "auth.permission", "pk": 46, "fields": {"name": "Can change Ингредиент в рецепте", "content_type": 12, "codename": "change_recipeingredient"}}, {"model": "auth.permission", "pk": 47, "fields": {"name": "Can delete Ингредиент в рецепте", "content_type": 12, "codename": "delete_recipeingredient"}}, {"model": "auth.permission", "pk": 48, "fields": {"name": "Can view Ингредиент в рецепте", "content_type": 12, "codename": "view_recipeingredient"}}, {"model": "auth.permission", "pk": 49, "fields": {"name": "Can add Корзина покупок", "content_type": 13, "codename": "add_shoppingcart"}}, {"model": "auth.permission", "pk": 50, "fields": {"name": "Can change Корзина покупок", "content_type": 13, "codename": "change_shoppingcart"}}, {"model": "auth.permission", "pk": 51, "fields": {"name": "Can delete Корзина покупок", "content_type": 13, "codename": "delete_shoppingcart"}}, {"model": "auth.permission", "pk": 52, "fields": {"name": "Can view Корзина покупок", "content_type": 13, "codename": "view_shoppingcart"}}, {"model": "auth.permission", "pk": 53, "fields": {"name": "Can add Подписка", "content_type": 14, "codename": "add_subscribe"}}, {"model": "auth.permission", "pk": 54, "fields": {"name": "Can change Подписка", "content_type": 14, "codename": "change_subscribe"}}, {"model": "auth.permission", "pk": 55, "fields": {"name": "Can delete Подписка", "content_type": 14, "codename": "delete_subscribe"}}, {"model": "auth.permission", "pk": 56, "fields": {"name": "Can view Подписка", "content_type": 14, "codename": "view_subscribe"}}, {"model": "auth.permission", "pk": 57, "fields": {"name": "Can add Тэг", "content_type": 15, "codename": "add_tag"}}, {"model": "auth.permission", "pk": 58, "fields": {"name": "Can change Тэг", "content_type": 15, "codename": "change_tag"}}, {"model": "auth.permission", "pk": 59, "fields": {"name": "Can delete Тэг", "content_type": 15, "codename": "delete_tag"}}, {"model": "auth.permission", "pk": 60, "fields": {"name": "Can view Тэг", "content_type": 15, "codename": "view_tag"}}, {"model": "auth.permission", "pk": 61, "fields": {"name": "Can add Пользователь", "content_type": 16, "codename": "add_authuser"}}, {"model": "auth.permission", "pk": 62, "fields": {"name": "Can change Пользователь", "content_type": 16, "codename": "change_authuser"}}, {"model": "auth.permission", "pk": 63, "fields": {"name": "Can delete Пользователь", "content_type": 16, "codename": "delete_authuser"}}, {"model": "auth.permission", "pk": 64, "fields": {"name": "Can view Пользователь", "content_type": 16, "codename": "view_authuser"}}, {"model": "contenttypes.contenttype", "pk": 1, "fields": {"app_label": "admin", "model": "logentry"}}, {"model": "contenttypes.contenttype", "pk": 2, "fields": {"app_label": "auth", "model": "permission"}}, {"model": "contenttypes.contenttype", "pk": 3, "fields": {"app_label": "auth", "model": "group"}}, {"model": "contenttypes.contenttype", "pk": 4, "fields": {"app_label": "contenttypes", "model": "contenttype"}}, {"model": "contenttypes.contenttype", "pk": 5, "fields": {"app_label": "sessions", "model": "session"}}, {"model": "contenttypes.contenttype", "pk": 6, "fields": {"app_label": "authtoken", "model": "token"}}, {"model": "contenttypes.contenttype", "pk": 7, "fields": {"app_label": "authtoken", "model": "tokenproxy"}}, {"model": "contenttypes.contenttype", "pk": 8, "fields": {"app_label": "recipes", "model": "favorite"}}, {"model": "contenttypes.contenttype", "pk": 9, "fields": {"app_label": "recipes", "model": "ingredient"}}, {"model": "contenttypes.contenttype", "pk": 10, "fields": {"app_label": "recipes", "model": "measurementunit"}}, {"model": "contenttypes.contenttype", "pk": 11, "fields": {"app_label": "recipes", "model": "recipe"}}, {"model": "contenttypes.contenttype", "pk": 12, "fields": {"app_label": "recipes", "model": "recipeingredient"}}, {"model": "contenttypes.contenttype", "pk": 13, "fields": {"app_label": "recipes", "model": "shoppingcart"}}, {"model": "contenttypes.contenttype", "pk": 14, "fields": {"app_label": "recipes", "model": "subscribe"}}, {"model": "contenttypes.contenttype", "pk": 15, "fields": {"app_label": "recipes", "model": "tag"}}, {"model": "contenttypes.contenttype", "pk": 16, "fields": {"app_label": "users", "model": "authuser"}}, {"model": "sessions.session", "pk": "zhkrefjcczc928rxjv8zb385dfh37b6v", "fields": {"session_data": ".eJxVjEEOwiAQRe_C2hAozAAu3XsGAswgVdMmpV0Z765NutDtf-_9l4hpW1vcOi9xJHEWWpx-t5zKg6cd0D1Nt1mWeVqXMctdkQft8joTPy-H-3fQUm_fmkmhJqymBKgmBaest6AHLEN2HpAMsHEqWEo1F4eQ0bEGiwTeGMvi_QHPAzco:1q91Ga:_j_e9euFudfcJ3hZqWveNWqnnppkzVBlUJER65P0p90", "expire_date": "2023-06-27T10:28:48.074Z"}}, {"model": "authtoken.token", "pk": "f64e922f85054cd68733c409aca6398dfd4881de", "fields": {"user": 4, "created": "2023-06-13T11:19:26.540Z"}}, {"model": "recipes.tag", "pk": 1, "fields": {"name": "#полезнаяеда", "color": "#00FA9A", "slug": "healthyfood"}}, {"model": "recipes.tag", "pk": 2, "fields": {"name": "#вкуснаяеда", "color": "#0000FF", "slug": "tastyfood"}}, {"model": "recipes.tag", "pk": 3, "fields": {"name": "#домашняяеда", "color": "#FFA500", "slug": "homemadefood"}}, {"model": "recipes.tag", "pk": 4, "fields": {"name": "#ужин", "color": "#C71585", "slug": "dinner"}}, {"model": "recipes.tag", "pk": 5, "fields": {"name": "#обед", "color": "#7FFF00", "slug": "lunch"}}, {"model": "recipes.tag", "pk": 6, "fields": {"name": "#завтрак", "color": "#FA8072", "slug": "breakfast"}}, {"model": "recipes.measurementunit", "pk": 1, "fields": {"measurement_unit": "л"}}, {"model": "recipes.measurementunit", "pk": 2, "fields": {"measurement_unit": "стакан"}}, {"model": "recipes.measurementunit", "pk": 3, "fields": {"measurement_unit": "банка"}}, {"model": "recipes.measurementunit", "pk": 4, "fields": {"measurement_unit": "кг"}}, {"model": "recipes.measurementunit", "pk": 5, "fields": {"measurement_unit": "зуб."}}, {"model": "recipes.measurementunit", "pk": 6, "fields": {"measurement_unit": "по вкусу"}}, {"model": "recipes.measurementunit", "pk": 7, "fields": {"measurement_unit": "на кончике ножа"}}, {"model": "recipes.measurementunit", "pk": 8, "fields": {"measurement_unit": "мл"}}, {"model": "recipes.measurementunit", "pk": 9, "fields": {"measurement_unit": "ч. л."}}, {"model": "recipes.measurementunit", "pk": 10, "fields": {"measurement_unit": "ст. л."}}, {"model": "recipes.measurementunit", "pk": 11, "fields": {"measurement_unit": "шт"}}, {"model": "recipes.measurementunit", "pk": 12, "fields": {"measurement_unit": "г"}}, {"model": "recipes.ingredient", "pk": 1, "fields": {"name": "Сахар", "measurement_unit": 12}}, {"model": "recipes.ingredient", "pk": 2, "fields": {"name": "Пшеничная мука", "measurement_unit": 2}}, {"model": "recipes.ingredient", "pk": 3, "fields": {"name": "Оливковое масло", "measurement_unit": 8}}, {"model": "recipes.ingredient", "pk": 4, "fields": {"name": "Молоко", "measurement_unit": 1}}, {"model": "recipes.ingredient", "pk": 5, "fields": {"name": "Пшеничная мука", "measurement_unit": 12}}, {"model": "recipes.ingredient", "pk": 6, "fields": {"name": "Мускатный орех", "measurement_unit": 9}}, {"model": "recipes.ingredient", "pk": 7, "fields": {"name": "Ванильный экстракт", "measurement_unit": 9}}, {"model": "recipes.ingredient", "pk": 8, "fields": {"name": "Голубика", "measurement_unit": 2}}, {"model": "recipes.ingredient", "pk": 9, "fields": {"name": "Черный перец горошком", "measurement_unit": 11}}, {"model": "recipes.ingredient", "pk": 10, "fields": {"name": "Гренки", "measurement_unit": 6}}, {"model": "recipes.ingredient", "pk": 11, "fields": {"name": "Лавровый лист", "measurement_unit": 11}}, {"model": "recipes.ingredient", "pk": 12, "fields": {"name": "Зелень", "measurement_unit": 6}}, {"model": "recipes.ingredient", "pk": 13, "fields": {"name": "Морковь", "measurement_unit": 12}}, {"model": "recipes.ingredient", "pk": 14, "fields": {"name": "Лук", "measurement_unit": 12}}, {"model": "recipes.ingredient", "pk": 15, "fields": {"name": "Картофель", "measurement_unit": 12}}, {"model": "recipes.ingredient", "pk": 16, "fields": {"name": "Плавленный сыр", "measurement_unit": 12}}, {"model": "recipes.ingredient", "pk": 17, "fields": {"name": "Куриное филе", "measurement_unit": 12}}, {"model": "recipes.ingredient", "pk": 18, "fields": {"name": "Сода", "measurement_unit": 9}}, {"model": "recipes.ingredient", "pk": 19, "fields": {"name": "Сахар", "measurement_unit": 2}}, {"model": "recipes.ingredient", "pk": 20, "fields": {"name": "Уксус", "measurement_unit": 9}}, {"model": "recipes.ingredient", "pk": 21, "fields": {"name": "Сметана", "measurement_unit": 3}}, {"model": "recipes.ingredient", "pk": 22, "fields": {"name": "Яблоко", "measurement_unit": 4}}, {"model": "recipes.ingredient", "pk": 23, "fields": {"name": "Красный лук", "measurement_unit": 12}}, {"model": "recipes.ingredient", "pk": 24, "fields": {"name": "Творожный сыр", "measurement_unit": 12}}, {"model": "recipes.ingredient", "pk": 25, "fields": {"name": "Рукола", "measurement_unit": 12}}, {"model": "recipes.ingredient", "pk": 26, "fields": {"name": "Чеснок", "measurement_unit": 5}}, {"model": "recipes.ingredient", "pk": 27, "fields": {"name": "Лимон", "measurement_unit": 11}}, {"model": "recipes.ingredient", "pk": 28, "fields": {"name": "Консервированная фасоль", "measurement_unit": 12}}, {"model": "recipes.ingredient", "pk": 29, "fields": {"name": "Молотый черный перец", "measurement_unit": 6}}, {"model": "recipes.ingredient", "pk": 30, "fields": {"name": "Соль", "measurement_unit": 7}}, {"model": "recipes.ingredient", "pk": 31, "fields": {"name": "Твердый сыр", "measurement_unit": 12}}, {"model": "recipes.ingredient", "pk": 32, "fields": {"name": "Готовые сухие листы лазаньи", "measurement_unit": 11}}, {"model": "recipes.ingredient", "pk": 33, "fields": {"name": "Молоко", "measurement_unit": 8}}, {"model": "recipes.ingredient", "pk": 34, "fields": {"name": "Оливковое масло", "measurement_unit": 10}}, {"model": "recipes.ingredient", "pk": 35, "fields": {"name": "Сливочное масло", "measurement_unit": 12}}, {"model": "recipes.ingredient", "pk": 36, "fields": {"name": "Соус болоньезе", "measurement_unit": 12}}, {"model": "recipes.ingredient", "pk": 37, "fields": {"name": "Мясной фарш", "measurement_unit": 12}}, {"model": "recipes.ingredient", "pk": 38, "fields": {"name": "Разрыхлитель", "measurement_unit": 9}}, {"model": "recipes.ingredient", "pk": 39, "fields": {"name": "Растительное масло", "measurement_unit": 10}}, {"model": "recipes.ingredient", "pk": 40, "fields": {"name": "Яблоко", "measurement_unit": 11}}, {"model": "recipes.ingredient", "pk": 41, "fields": {"name": "Подсолнечное масло", "measurement_unit": 10}}, {"model": "recipes.ingredient", "pk": 42, "fields": {"name": "Сахар", "measurement_unit": 10}}, {"model": "recipes.ingredient", "pk": 43, "fields": {"name": "Пшеничная мука", "measurement_unit": 10}}, {"model": "recipes.ingredient", "pk": 44, "fields": {"name": "Куриное яйцо", "measurement_unit": 11}}, {"model": "recipes.ingredient", "pk": 45, "fields": {"name": "Творог", "measurement_unit": 12}}, {"model": "recipes.recipeingredient", "pk": 1, "fields": {"recipe_id": 1, "ingredient": 35, "amount": 110}}, {"model": "recipes.recipeingredient", "pk": 2, "fields": {"recipe_id": 1, "ingredient": 5, "amount": 290}}, {"model": "recipes.recipeingredient", "pk": 3, "fields": {"recipe_id": 1, "ingredient": 38, "amount": 2}}, {"model": "recipes.recipeingredient", "pk": 4, "fields": {"recipe_id": 1, "ingredient": 30, "amount": 1}}, {"model": "recipes.recipeingredient", "pk": 5, "fields": {"recipe_id": 1, "ingredient": 1, "amount": 250}}, {"model": "recipes.recipeingredient", "pk": 6, "fields": {"recipe_id": 1, "ingredient": 8, "amount": 1}}, {"model": "recipes.recipeingredient", "pk": 7, "fields": {"recipe_id": 1, "ingredient": 44, "amount": 2}}, {"model": "recipes.recipeingredient", "pk": 8, "fields": {"recipe_id": 1, "ingredient": 7, "amount": 2}}, {"model": "recipes.recipeingredient", "pk": 9, "fields": {"recipe_id": 1, "ingredient": 33, "amount": 120}}, {"model": "recipes.recipeingredient", "pk": 10, "fields": {"recipe_id": 1, "ingredient": 6, "amount": 1}}, {"model": "recipes.recipeingredient", "pk": 11, "fields": {"recipe_id": 2, "ingredient": 17, "amount": 500}}, {"model": "recipes.recipeingredient", "pk": 12, "fields": {"recipe_id": 2, "ingredient": 16, "amount": 200}}, {"model": "recipes.recipeingredient", "pk": 13, "fields": {"recipe_id": 2, "ingredient": 15, "amount": 400}}, {"model": "recipes.recipeingredient", "pk": 14, "fields": {"recipe_id": 2, "ingredient": 14, "amount": 150}}, {"model": "recipes.recipeingredient", "pk": 15, "fields": {"recipe_id": 2, "ingredient": 13, "amount": 180}}, {"model": "recipes.recipeingredient", "pk": 16, "fields": {"recipe_id": 2, "ingredient": 12, "amount": 1}}, {"model": "recipes.recipeingredient", "pk": 17, "fields": {"recipe_id": 2, "ingredient": 11, "amount": 3}}, {"model": "recipes.recipeingredient", "pk": 18, "fields": {"recipe_id": 2, "ingredient": 10, "amount": 1}}, {"model": "recipes.recipeingredient", "pk": 19, "fields": {"recipe_id": 2, "ingredient": 9, "amount": 2}}, {"model": "recipes.recipeingredient", "pk": 20, "fields": {"recipe_id": 3, "ingredient": 22, "amount": 1}}, {"model": "recipes.recipeingredient", "pk": 21, "fields": {"recipe_id": 3, "ingredient": 2, "amount": 2}}, {"model": "recipes.recipeingredient", "pk": 22, "fields": {"recipe_id": 3, "ingredient": 21, "amount": 1}}, {"model": "recipes.recipeingredient", "pk": 23, "fields": {"recipe_id": 3, "ingredient": 35, "amount": 150}}, {"model": "recipes.recipeingredient", "pk": 24, "fields": {"recipe_id": 3, "ingredient": 20, "amount": 1}}, {"model": "recipes.recipeingredient", "pk": 25, "fields": {"recipe_id": 3, "ingredient": 19, "amount": 1}}, {"model": "recipes.recipeingredient", "pk": 26, "fields": {"recipe_id": 3, "ingredient": 18, "amount": 1}}, {"model": "recipes.recipeingredient", "pk": 27, "fields": {"recipe_id": 3, "ingredient": 44, "amount": 1}}, {"model": "recipes.recipeingredient", "pk": 28, "fields": {"recipe_id": 4, "ingredient": 28, "amount": 400}}, {"model": "recipes.recipeingredient", "pk": 29, "fields": {"recipe_id": 4, "ingredient": 29, "amount": 1}}, {"model": "recipes.recipeingredient", "pk": 30, "fields": {"recipe_id": 4, "ingredient": 27, "amount": 1}}, {"model": "recipes.recipeingredient", "pk": 31, "fields": {"recipe_id": 4, "ingredient": 26, "amount": 2}}, {"model": "recipes.recipeingredient", "pk": 32, "fields": {"recipe_id": 4, "ingredient": 3, "amount": 50}}, {"model": "recipes.recipeingredient", "pk": 33, "fields": {"recipe_id": 4, "ingredient": 25, "amount": 100}}, {"model": "recipes.recipeingredient", "pk": 34, "fields": {"recipe_id": 4, "ingredient": 24, "amount": 200}}, {"model": "recipes.recipeingredient", "pk": 35, "fields": {"recipe_id": 4, "ingredient": 23, "amount": 50}}, {"model": "recipes.recipeingredient", "pk": 36, "fields": {"recipe_id": 5, "ingredient": 5, "amount": 400}}, {"model": "recipes.recipeingredient", "pk": 37, "fields": {"recipe_id": 5, "ingredient": 42, "amount": 2}}, {"model": "recipes.recipeingredient", "pk": 38, "fields": {"recipe_id": 5, "ingredient": 44, "amount": 5}}, {"model": "recipes.recipeingredient", "pk": 39, "fields": {"recipe_id": 5, "ingredient": 4, "amount": 1}}, {"model": "recipes.recipeingredient", "pk": 40, "fields": {"recipe_id": 5, "ingredient": 30, "amount": 1}}, {"model": "recipes.recipeingredient", "pk": 41, "fields": {"recipe_id": 5, "ingredient": 39, "amount": 2}}, {"model": "recipes.recipeingredient", "pk": 42, "fields": {"recipe_id": 6, "ingredient": 37, "amount": 600}}, {"model": "recipes.recipeingredient", "pk": 43, "fields": {"recipe_id": 6, "ingredient": 36, "amount": 600}}, {"model": "recipes.recipeingredient", "pk": 44, "fields": {"recipe_id": 6, "ingredient": 35, "amount": 60}}, {"model": "recipes.recipeingredient", "pk": 45, "fields": {"recipe_id": 6, "ingredient": 43, "amount": 2}}, {"model": "recipes.recipeingredient", "pk": 46, "fields": {"recipe_id": 6, "ingredient": 34, "amount": 2}}, {"model": "recipes.recipeingredient", "pk": 47, "fields": {"recipe_id": 6, "ingredient": 33, "amount": 750}}, {"model": "recipes.recipeingredient", "pk": 48, "fields": {"recipe_id": 6, "ingredient": 32, "amount": 10}}, {"model": "recipes.recipeingredient", "pk": 49, "fields": {"recipe_id": 6, "ingredient": 31, "amount": 500}}, {"model": "recipes.recipeingredient", "pk": 50, "fields": {"recipe_id": 7, "ingredient": 19, "amount": 1}}, {"model": "recipes.recipeingredient", "pk": 51, "fields": {"recipe_id": 7, "ingredient": 44, "amount": 5}}, {"model": "recipes.recipeingredient", "pk": 52, "fields": {"recipe_id": 7, "ingredient": 43, "amount": 1}}, {"model": "recipes.recipeingredient", "pk": 53, "fields": {"recipe_id": 7, "ingredient": 40, "amount": 7}}, {"model": "recipes.recipeingredient", "pk": 54, "fields": {"recipe_id": 7, "ingredient": 39, "amount": 1}}, {"model": "recipes.recipeingredient", "pk": 55, "fields": {"recipe_id": 7, "ingredient": 38, "amount": 1}}, {"model": "recipes.recipeingredient", "pk": 56, "fields": {"recipe_id": 8, "ingredient": 45, "amount": 350}}, {"model": "recipes.recipeingredient", "pk": 57, "fields": {"recipe_id": 8, "ingredient": 44, "amount": 2}}, {"model": "recipes.recipeingredient", "pk": 58, "fields": {"recipe_id": 8, "ingredient": 43, "amount": 6}}, {"model": "recipes.recipeingredient", "pk": 59, "fields": {"recipe_id": 8, "ingredient": 41, "amount": 5}}, {"model": "recipes.recipeingredient", "pk": 60, "fields": {"recipe_id": 8, "ingredient": 42, "amount": 2}}, {"model": "recipes.recipe", "pk": 1, "fields": {"author": 2, "name": "Маффины с голубикой и мускатным орехом", "image": "recipes/images/c8818d2c-1d93-49b4-86df-29c092dc0b81.jpg", "text": "Культовая ягода, которую научились производить круглый год, в сочетании с рыхлым тестом — это абсолютно беспроигрышный вариант. Маффины с голубикой (да и не только с этой ягодой) стали популярным десертом в Англии и Америке, хотя происхождение их французское. Да и вообще эти маленькие сладкие кексы, какими мы их знаем сейчас, задумывались как обычный хлеб и на вкус были нейтральны. Сегодня существуют сотни рецептов этой выпечки: дрожжевые или с разрыхлителем, с использованием молока или сметаны, сладкие или соленые, с жидким центром или без. Этот ароматный хлеб хорош во всех своих проявлениях.", "cooking_time": 35, "pub_date": "2023-06-13T11:00:26.817Z", "tags": [2, 5, 6], "ingredients": [1, 2, 3, 4, 5, 6, 7, 8, 9, 10]}}, {"model": "recipes.recipe", "pk": 2, "fields": {"author": 2, "name": "Сырный суп по-французски с курицей", "image": "recipes/images/dd74442f-6206-4a36-b91e-24d1c3f0d412.jpg", "text": "В кастрюлю на 3 литра положить мясо и налить воды. Как только бульон начнет кипеть, добавить 1 чайную ложку соли, пару горошков душистого перца и черного, 2–3 листика лаврового листа. Варить от момента закипания 20 минут. Затем мясо вынуть. Картофель почистить и нарезать кубиками. Лук нарезать кубиками. Морковь натереть на терке. Мясо порезать небольшими кусочками. Плавленый сыр (если в виде брусочка) натереть на терке или порезать кубиками. В кипящий бульон добавить картофель. С момента закипания 5–7 минут. В это время сделать слабую зажарку на сливочном масле. Сначала положить лук, затем морковь. Слегка посолить и поперчить. Готовую зажарку добавить в суп и варить еще 5–7 минут. Затем добавить порезанное мясо. Варить 3–4 минуты, добавить плавленый сыр, хорошенько помешать и выключить огонь. Перед подачей посыпать зеленью. По желанию подавать с гренками.", "cooking_time": 60, "pub_date": "2023-06-13T11:03:56.121Z", "tags": [2, 5], "ingredients": [11, 12, 13, 14, 15, 16, 17, 18, 19]}}, {"model": "recipes.recipe", "pk": 3, "fields": {"author": 2, "name": "Цветаевский яблочный пирог", "image": "recipes/images/a3b0d0cd-3123-4fb1-8ef2-52092e0fcfbe.jpg", "text": "Пирог этот называется цветаевским, потому что, по легенде, его готовили сестры Цветаевы в начале XX века для своих интеллектуальных гостей. В идеале использовать для его приготовления антоновские яблоки с их бесподобным ароматом и терпким вкусом. Цветаевский яблочный пирог готовится исключительно со сметаной, с большим количеством яблок. Тесто должно только схватывать крупные яблочные дольки, выложенные на основу, и ни в коем случае не накрывать их. Можно присыпать готовый пирог корицей и украсить ягодами.", "cooking_time": 30, "pub_date": "2023-06-13T11:07:53.662Z", "tags": [2, 3, 5, 6], "ingredients": [20, 21, 22, 23, 24, 25, 26, 27]}}, {"model": "recipes.recipe", "pk": 4, "fields": {"author": 3, "name": "Салат из красной фасоли с творожным сыром, красным луком и сезонным салатом", "image": "recipes/images/31324f8b-132a-48fc-97b4-16b98500b33d.jpg", "text": "Тосканский салат, выдержанный в колористике итальянского флага. Буквально нескольких ложек хватает, чтобы в желудке образовалась приятная тяжесть. Очень полезная штука с точки зрения утра, когда трудно запихнуть в себя крупные дозы биомассы, а есть при этом хочется. Кроме рукколы в этом салате уверенно чувствуют себя листья корн-салата и щавеля, но идеальнее всего ведет себя зеленая черемша. Используя ее, можно, кстати, отказаться от чеснока. Этот салат вообще допускает множество сюжетных отклонений. Например, вместо соли можно использовать соевый соус: в сочетании с фасолью он очень уместен. А для пущего благообразия можно капнуть в миску немного бальзамического уксуса.", "cooking_time": 7, "pub_date": "2023-06-13T11:12:09.525Z", "tags": [1, 2, 4, 5], "ingredients": [28, 29, 30, 31, 32, 33, 34, 35]}}, {"model": "recipes.recipe", "pk": 5, "fields": {"author": 3, "name": "Тонкие блины на молоке", "image": "recipes/images/b1149669-2c9b-4cc5-b866-3900350c3f1f.jpg", "text": "Тонкие блины на молоке — это английский вариант традиционных пышных русских блинов, выпеченных на дрожжах. В Европе блинчики имеют вид тонких, почти прозрачных салфеток. Во Франции их называют «крепы» и подают с сотней разнообразных начинок. Никаких особых уловок в приготовлении нет: чем более жидкое тесто, тем тоньше получается блинчики. Ажурный вариант, в дырочку, получится, если часть молока из рецепта добавить в тесто немного горячим. Перед тем как залить первый блин, следует хорошо прокалить сковороду. Блинчик готов, когда он начинает зарумяниваться до хрустящих краев.", "cooking_time": 40, "pub_date": "2023-06-13T11:14:53.855Z", "tags": [2, 3, 6], "ingredients": [36, 37, 38, 39, 40, 41]}}, {"model": "recipes.recipe", "pk": 6, "fields": {"author": 3, "name": "Лазанья классическая", "image": "recipes/images/885ca1df-f4f6-4dfe-80b2-6e4174b86563.jpg", "text": "В сотейник положить сливочное масло и 2 ложки растительного масла, растопить. Постепенно добавлять муку и размешивать так, чтобы не оставалось комочков. Когда вся мука вмешана, влить все молоко. Убавить огонь и томить до нужной консистенции: не жидкой, но и не слишком густой. Консистенция нежирной сметаны. На сковороде раскалить оливковое масло. Добавить мясной фарш (лучше свинина+телятина). Фарш жарить до полуготовности. Влить в него соус болоньезе, посолить и поперчить по вкусу. Духовку разогреть до 180 градусов. Форму смазать сливочным маслом. На дно вылить немного соуса бешамель, чуть-чуть, только чтобы покрыть дно. Выложить пласты (не вареные). На пласты выложить получившийся фарш (не жалеем!), на фарш — натертый сыр. На сыр — соус бешамель. Соуса нужно выкладывать столько, сколько необходимо, на ваш взгляд, чтобы лазанья получилась сочной. Поверх соуса выложить сухие листы лазаньи. Повторить процедуру. Последний слой листов промазать соусом бешамель и сверху щедро засыпать сыром. Дать постоять минут 7–10. Поставить в духовку. Печь 30 минут.", "cooking_time": 40, "pub_date": "2023-06-13T11:18:19.816Z", "tags": [3, 4, 5], "ingredients": [42, 43, 44, 45, 46, 47, 48, 49]}}, {"model": "recipes.recipe", "pk": 7, "fields": {"author": 4, "name": "Классическая шарлотка", "image": "recipes/images/3a0b9f3b-03f9-4474-bf3d-6b949bf3d58b.jpg", "text": "Классическая шарлотка. Важное сладкое блюдо советской и постсоветской истории. Легкое, пышное тесто, максимум яблочной начинки — у шарлотки всегда был образ приятного, простого и при этом лакомого и диетического блюда. Яблоки настоятельно рекомендуем взять из кислых сортов — вроде антоновки. Их можно класть как сырыми, так и предварительно слегка карамелизованными на сковородке. И сахара лучше не жалеть. Он магическим образом распределяется в нужном количестве в тесте, а излишки образуют сладкую корочку.", "cooking_time": 35, "pub_date": "2023-06-13T11:22:13.023Z", "tags": [2, 5, 6], "ingredients": [50, 51, 52, 53, 54, 55]}}, {"model": "recipes.recipe", "pk": 8, "fields": {"author": 4, "name": "Сырники из творога", "image": "recipes/images/429fbbaa-1634-4c0a-99d2-929b1b197ad0.jpg", "text": "1 Положите весь творог в кастрюльку и разомните его вилкой так, чтобы в нем не осталось крупных комков. Разбейте в него яйца, всыпьте сахар и тщательно все перемешайте. Лучше не использовать слишком сухой или слишком влажный творог, иначе сырники будут разваливаться в процессе приготовления. 2 Всыпьте в творог 5 столовых ложек (с горкой) муки и тщательно перемешайте. Можно добавить немного больше муки, сырники получатся тогда более плотными. Или муки можно добавить чуть меньше, и тогда сырники будут нежнее. В итоге у вас должна получиться однородная масса, из которой можно будет лепить сырники. 3 Поставьте сковороду на средний огонь и налейте в нее подсолнечное масло. 4 Насыпьте на тарелку немного муки. Слепите несколько небольших шариков из получившейся творожной массы и положите их на тарелку. Лучше лепить разом 4–5 шариков — столько, сколько поместится одновременно на сковороду. Затем по очереди обкатывайте творожные шарики в муке, плющите их в небольшие лепешки (они не должны быть слишком тонкие) и выкладывайте на сковороду. 5 Обжаривайте сырники 1–2 минуты до появления золотистой корочки. Затем переверните их на другую сторону и также обжарьте до золотистого состояния. 6 Повторяйте, пока творог не закончится.", "cooking_time": 30, "pub_date": "2023-06-13T11:24:35.270Z", "tags": [1, 3, 6], "ingredients": [56, 57, 58, 59, 60]}}, {"model": "users.authuser", "pk": 1, "fields": {"last_login": "2023-06-13T10:28:48.062Z", "is_superuser": true, "is_staff": true, "is_active": true, "date_joined": "2023-06-13T10:27:20.505Z", "username": "admin", "password": "pbkdf2_sha256$260000$9UEIo955Ly4bawIIjZJVT4$Uf3QN5HbGbE8D7QNnEJOtGEez6PRt+QsRUek62wgwMo=", "email": "admin@mail.com", "first_name": "", "last_name": "", "groups": [], "user_permissions": []}}, {"model": "users.authuser", "pk": 2, "fields": {"last_login": "2023-06-13T10:57:12.904Z", "is_superuser": false, "is_staff": false, "is_active": true, "date_joined": "2023-06-13T10:49:26.314Z", "username": "ivan", "password": "pbkdf2_sha256$260000$NqmYg6xbnGE9IGKnva5tyo$0E7jmitZaBB4654qLXJ4CYY5M1hC6EwsA66yNqUafaA=", "email": "Ivan@gmail.com", "first_name": "Иван", "last_name": "Петров", "groups": [], "user_permissions": []}}, {"model": "users.authuser", "pk": 3, "fields": {"last_login": "2023-06-13T11:08:55.975Z", "is_superuser": false, "is_staff": false, "is_active": true, "date_joined": "2023-06-13T10:50:19.928Z", "username": "svetlana", "password": "pbkdf2_sha256$260000$C1pEA8OGoJ1JeeQrCWbQYw$Rm1A0ZvdjRdKFcU91cIW9pCdwd4swbNZt2XJww1IUsc=", "email": "Svetlana@yandex.ru", "first_name": "Светлана", "last_name": "Степанова", "groups": [], "user_permissions": []}}, {"model": "users.authuser", "pk": 4, "fields": {"last_login": "2023-06-13T11:19:26.582Z", "is_superuser": false, "is_staff": false, "is_active": true, "date_joined": "2023-06-13T10:50:52.596Z", "username": "aleksey", "password": "pbkdf2_sha256$260000$hAMHAlu56569ZnCz8lCM7G$K8wuGAviuvvXj2v7wrZHEnFYEjo+bHqS5oOIBVTTXNc=", "email": "Aleksey@mail.ru", "first_name": "Алексей", "last_name": "Николаев", "groups": [], "user_permissions": []}}]